user_id,name,gender,age,city,signup_date,is_swiggy_one
1001,Rahul Mehta,Male,33,Mumbai,2023-05-23,0
1002,Anand Kulkarni,Male,20,Bangalore,2023-04-06,1
1003,Vishal Rao,Male,45,Kolkata,2023-08-14,0
1004,Priya Reddy,Female,46,Kolkata,2023-12-15,1
1005,Deepak Gupta,Male,43,Bangalore,2023-04-10,1
1006,Anushka Mehta,Female,21,Chennai,2024-04-15,0
1007,Sneha Mukherjee,Female,42,Delhi,2023-07-16,0
1008,Ayush Nair,Male,37,Chennai,2023-03-23,0
1009,Pranav Mehta,Male,42,Hyderabad,2023-06-16,0
1010,Ayush Mehta,Male,23,Kolkata,2023-06-25,0
1011,Kunal Deshmukh,Male,36,Hyderabad,2023-08-13,0
1012,Suresh Verma,Male,39,Chennai,2024-02-15,1
1013,Anand Choudhury,Male,32,Delhi,2024-05-26,0
1014,Neha Mehta,Female,34,Mumbai,2023-09-27,0
1015,Nandini Bose,Female,33,Delhi,2023-05-22,0
1016,Amit Gupta,Male,29,Mumbai,2024-03-08,0
1017,Shreya Bhat,Female,52,Hyderabad,2023-09-15,0
1018,Ayush Gupta,Male,36,Kolkata,2023-12-15,1
1019,Divya Deshmukh,Female,35,Bangalore,2024-05-27,0
1020,Tanmay Joshi,Male,51,Chennai,2023-07-23,1
1021,Vishal Malhotra,Male,39,Bangalore,2024-05-15,1
1022,Shruti Nair,Female,34,Bangalore,2023-03-22,1
1023,Sneha Mukherjee,Female,27,Chennai,2023-05-12,0
1024,Arjun Malhotra,Male,46,Chennai,2023-08-05,0
1025,Harsh Joshi,Male,42,Hyderabad,2024-03-24,0
1026,Pooja Nair,Female,23,Mumbai,2023-12-13,1
1027,Anand Nair,Male,23,Bangalore,2023-03-02,1
1028,Deepak Patel,Male,34,Pune,2023-10-13,0
1029,Vishal Iyer,Male,49,Kolkata,2023-09-06,0
1030,Ritu Gupta,Female,46,Bangalore,2023-12-29,0
1031,Bhavna Verma,Female,25,Kolkata,2023-03-04,0
1032,Pooja Nair,Female,31,Mumbai,2024-04-04,1
1033,Arjun Deshmukh,Male,23,Mumbai,2024-03-29,0
1034,Amit Nambiar,Male,19,Pune,2023-04-06,0
1035,Kunal Kulkarni,Male,49,Hyderabad,2023-08-07,0
1036,Kunal Bose,Male,43,Bangalore,2023-09-29,0
1037,Shruti Kulkarni,Female,50,Kolkata,2023-06-08,1
1038,Amit Sen,Male,22,Kolkata,2023-11-18,1
1039,Pallavi Malhotra,Female,22,Mumbai,2024-06-04,1
1040,Rohan Bhat,Male,34,Bangalore,2024-02-18,1
1041,Anand Bhat,Male,24,Bangalore,2024-03-05,0
1042,Aishwarya Rao,Female,39,Kolkata,2023-09-02,1
1043,Ayush Nambiar,Male,48,Delhi,2023-11-20,0
1044,Rahul Deshmukh,Male,25,Pune,2023-03-17,0
1045,Neha Das,Female,34,Bangalore,2024-01-14,1
1046,Simran Choudhury,Female,52,Delhi,2023-01-09,0
1047,Rhea Gupta,Female,35,Mumbai,2023-04-29,0
1048,Arjun Joshi,Male,32,Pune,2023-12-18,1
1049,Pallavi Chopra,Female,22,Delhi,2023-04-05,0
1050,Ananya Sharma,Female,27,Delhi,2023-09-26,1
1051,Simran Choudhury,Female,19,Hyderabad,2023-04-25,1
1052,Vishal Verma,Male,42,Chennai,2023-06-01,0
1053,Karthik Das,Male,21,Chennai,2024-01-02,1
1054,Ayush Gupta,Male,45,Delhi,2023-06-08,0
1055,Kunal Reddy,Male,20,Hyderabad,2023-07-03,0
1056,Kavya Pillai,Female,34,Chennai,2023-10-01,1
1057,Pranav Verma,Male,49,Chennai,2023-08-16,1
1058,Megha Joshi,Female,33,Chennai,2023-08-17,1
1059,Pranav Singh,Male,23,Delhi,2023-10-13,1
1060,Rhea Mukherjee,Female,20,Delhi,2023-04-29,0
1061,Divya Sen,Female,21,Delhi,2023-04-22,0
1062,Bhavna Singh,Female,51,Hyderabad,2023-04-29,0
1063,Arjun Verma,Male,46,Kolkata,2023-01-02,0
1064,Nikhil Kulkarni,Male,40,Bangalore,2023-11-18,0
1065,Mayank Joshi,Male,38,Pune,2024-02-23,1
1066,Simran Iyer,Female,45,Mumbai,2024-01-24,0
1067,Rakesh Sen,Male,44,Delhi,2023-01-01,1
1068,Varun Sen,Male,39,Pune,2024-04-21,0
1069,Siddharth Chopra,Male,29,Chennai,2023-03-28,1
1070,Sneha Nair,Female,38,Kolkata,2023-08-19,0
1071,Rahul Verma,Male,49,Mumbai,2023-03-16,0
1072,Harsh Choudhury,Male,50,Hyderabad,2024-02-14,1
1073,Aditya Kulkarni,Male,30,Mumbai,2024-06-14,0
1074,Aditya Deshmukh,Male,48,Mumbai,2024-06-27,0
1075,Deepika Bhat,Female,51,Chennai,2024-03-12,0
1076,Divya Chopra,Female,35,Hyderabad,2023-09-11,0
1077,Pallavi Chopra,Female,34,Kolkata,2023-10-09,0
1078,Swati Mehta,Female,39,Delhi,2023-03-24,1
1079,Pranav Choudhury,Male,32,Mumbai,2023-03-07,0
1080,Simran Deshmukh,Female,22,Hyderabad,2023-07-31,0
1081,Nandini Choudhury,Female,43,Bangalore,2024-05-03,1
1082,Shruti Bose,Female,45,Chennai,2023-08-14,0
1083,Kavya Chopra,Female,43,Bangalore,2023-12-11,0
1084,Bhavna Reddy,Female,48,Chennai,2023-05-11,0
1085,Pranav Sen,Male,20,Pune,2023-03-27,0
1086,Manish Reddy,Male,35,Bangalore,2024-01-24,1
1087,Tanvi Singh,Female,43,Chennai,2023-10-12,0
1088,Aishwarya Patel,Female,20,Hyderabad,2023-02-23,0
1089,Swati Nambiar,Female,21,Bangalore,2023-02-01,0
1090,Rahul Bhat,Male,34,Mumbai,2023-05-10,0
1091,Anand Rao,Male,35,Hyderabad,2024-01-13,1
1092,Kunal Joshi,Male,20,Bangalore,2023-11-16,0
1093,Shreya Choudhury,Female,23,Mumbai,2023-09-06,1
1094,Rhea Bhat,Female,26,Chennai,2023-02-12,1
1095,Rhea Das,Female,51,Bangalore,2023-12-16,1
1096,Aditi Gupta,Female,42,Hyderabad,2024-04-15,0
1097,Divya Malhotra,Female,36,Kolkata,2024-05-10,0
1098,Tanvi Nair,Female,24,Chennai,2023-10-13,0
1099,Manish Sen,Male,43,Pune,2023-12-11,1
1100,Divya Chopra,Female,41,Mumbai,2023-09-22,1
1101,Simran Sharma,Female,31,Pune,2023-03-29,1
1102,Aditi Mukherjee,Female,34,Chennai,2024-05-02,0
1103,Deepika Sharma,Female,37,Bangalore,2023-08-15,0
1104,Karthik Pillai,Male,42,Pune,2024-04-29,0
1105,Kavya Mukherjee,Female,41,Delhi,2024-04-09,1
1106,Swati Gupta,Female,31,Kolkata,2023-11-20,1
1107,Abhishek Rao,Male,49,Kolkata,2023-10-11,0
1108,Pooja Rao,Female,33,Delhi,2024-01-05,1
1109,Harsh Mukherjee,Male,36,Mumbai,2023-02-16,0
1110,Komal Iyer,Female,50,Kolkata,2023-04-16,0
1111,Aditi Chopra,Female,40,Hyderabad,2023-07-08,0
1112,Aditi Gupta,Female,23,Chennai,2024-02-15,0
1113,Vikram Iyer,Male,38,Chennai,2023-03-29,0
1114,Vishal Kulkarni,Male,33,Pune,2024-06-19,0
1115,Shruti Sen,Female,38,Hyderabad,2023-03-03,0
1116,Abhishek Nambiar,Male,35,Mumbai,2023-03-25,1
1117,Vishal Patel,Male,19,Mumbai,2024-02-23,0
1118,Shruti Verma,Female,37,Mumbai,2023-10-17,0
1119,Sneha Pillai,Female,35,Mumbai,2023-07-22,0
1120,Tanmay Iyer,Male,28,Delhi,2023-03-15,1
1121,Anushka Sen,Female,47,Delhi,2023-05-08,0
1122,Komal Bose,Female,51,Delhi,2024-05-20,0
1123,Varun Singh,Male,35,Pune,2023-01-27,1
1124,Ayush Mehta,Male,21,Pune,2023-06-29,0
1125,Aishwarya Reddy,Female,46,Pune,2024-05-18,0
1126,Megha Kulkarni,Female,39,Delhi,2023-04-18,0
1127,Kavya Choudhury,Female,37,Hyderabad,2024-02-15,0
1128,Manish Patel,Male,35,Delhi,2023-11-28,1
1129,Pallavi Sharma,Female,48,Kolkata,2024-02-28,1
1130,Anushka Chopra,Female,47,Kolkata,2023-02-22,1
1131,Karthik Deshmukh,Male,50,Kolkata,2023-05-05,1
1132,Harsh Reddy,Male,19,Delhi,2024-02-22,1
1133,Manish Gupta,Male,28,Kolkata,2024-05-25,0
1134,Pallavi Choudhury,Female,45,Delhi,2024-05-09,0
1135,Manish Mukherjee,Male,43,Mumbai,2023-07-15,0
1136,Rohan Mehta,Male,45,Chennai,2023-12-15,0
1137,Priya Joshi,Female,38,Kolkata,2024-05-16,0
1138,Simran Chopra,Female,40,Delhi,2024-01-22,0
1139,Ritu Choudhury,Female,43,Mumbai,2023-08-28,0
1140,Ananya Singh,Female,49,Kolkata,2024-01-26,0
1141,Gaurav Verma,Male,51,Mumbai,2023-12-06,0
1142,Pooja Malhotra,Female,19,Hyderabad,2023-05-28,0
1143,Rohan Chopra,Male,35,Chennai,2023-12-13,0
1144,Isha Patel,Female,40,Chennai,2024-06-30,0
1145,Isha Choudhury,Female,50,Chennai,2023-02-06,0
1146,Tanmay Pillai,Male,33,Delhi,2023-04-03,0
1147,Tanmay Choudhury,Male,25,Chennai,2024-03-30,1
1148,Priya Verma,Female,22,Delhi,2023-10-28,1
1149,Neha Nair,Female,45,Pune,2023-07-04,1
1150,Rakesh Bose,Male,34,Pune,2024-05-24,0
1151,Suresh Deshmukh,Male,35,Kolkata,2024-04-15,1
1152,Manish Joshi,Male,29,Kolkata,2023-03-17,0
1153,Nandini Joshi,Female,46,Kolkata,2023-09-14,0
1154,Ritu Bose,Female,49,Chennai,2023-04-20,1
1155,Nandini Joshi,Female,37,Kolkata,2023-01-23,0
1156,Aishwarya Sharma,Female,22,Pune,2024-05-23,0
1157,Swati Bhat,Female,41,Chennai,2023-08-13,0
1158,Rhea Pillai,Female,27,Kolkata,2023-04-10,0
1159,Karthik Deshmukh,Male,42,Bangalore,2023-05-15,1
1160,Tanvi Kulkarni,Female,31,Mumbai,2023-05-16,0
1161,Pallavi Malhotra,Female,29,Delhi,2023-09-21,0
1162,Shruti Singh,Female,26,Chennai,2024-04-24,0
1163,Suresh Pillai,Male,44,Kolkata,2024-01-10,1
1164,Priya Mehta,Female,26,Pune,2024-04-10,0
1165,Nandini Bose,Female,42,Chennai,2023-04-21,0
1166,Priya Bhat,Female,39,Pune,2023-08-15,0
1167,Komal Joshi,Female,45,Kolkata,2023-04-30,1
1168,Karthik Chopra,Male,25,Bangalore,2023-08-29,0
1169,Pranav Deshmukh,Male,45,Delhi,2023-06-08,0
1170,Gaurav Bhat,Male,36,Hyderabad,2023-02-03,0
1171,Manish Deshmukh,Male,42,Mumbai,2023-04-12,0
1172,Simran Nambiar,Female,22,Delhi,2024-02-12,1
1173,Manish Patel,Male,32,Kolkata,2023-01-22,1
1174,Swati Iyer,Female,32,Chennai,2023-03-12,0
1175,Anand Rao,Male,33,Chennai,2023-12-03,0
1176,Arjun Iyer,Male,35,Mumbai,2023-06-28,1
1177,Vikram Sharma,Male,34,Delhi,2023-11-28,1
1178,Ananya Iyer,Female,45,Kolkata,2024-06-22,1
1179,Gaurav Deshmukh,Male,42,Chennai,2024-06-09,0
1180,Pallavi Nair,Female,21,Pune,2024-06-17,1
1181,Amit Chopra,Male,44,Chennai,2024-03-12,0
1182,Komal Deshmukh,Female,24,Bangalore,2023-11-26,0
1183,Vikram Mehta,Male,39,Pune,2024-01-26,0
1184,Deepika Malhotra,Female,46,Pune,2023-04-12,0
1185,Tanmay Nambiar,Male,32,Chennai,2024-03-16,0
1186,Varun Singh,Male,48,Chennai,2024-02-13,0
1187,Deepak Kulkarni,Male,35,Delhi,2024-01-19,0
1188,Sneha Patel,Female,24,Chennai,2023-04-06,0
1189,Neha Mukherjee,Female,40,Bangalore,2023-05-06,0
1190,Bhavna Verma,Female,38,Delhi,2023-12-27,1
1191,Vikram Pillai,Male,33,Hyderabad,2023-04-21,1
1192,Pooja Mehta,Female,33,Pune,2024-03-15,0
1193,Rakesh Pillai,Male,36,Chennai,2023-01-30,1
1194,Tanvi Das,Female,30,Bangalore,2023-05-27,0
1195,Sneha Iyer,Female,20,Kolkata,2023-04-04,0
1196,Pranav Kulkarni,Male,40,Hyderabad,2023-06-11,0
1197,Nandini Bhat,Female,22,Bangalore,2023-06-09,1
1198,Ayush Patel,Male,47,Delhi,2024-03-10,0
1199,Kavya Mehta,Female,51,Mumbai,2023-04-27,1
1200,Karthik Pillai,Male,50,Kolkata,2024-06-23,0
1201,Suresh Bose,Male,22,Pune,2023-01-08,1
1202,Vikram Mehta,Male,39,Delhi,2023-05-03,1
1203,Divya Iyer,Female,33,Hyderabad,2024-05-27,0
1204,Sneha Bose,Female,21,Chennai,2024-03-22,1
1205,Deepak Sen,Male,44,Hyderabad,2024-03-03,1
1206,Priya Singh,Female,48,Mumbai,2024-01-06,1
1207,Suresh Kulkarni,Male,44,Pune,2024-06-20,1
1208,Bhavna Singh,Female,40,Mumbai,2023-06-22,1
1209,Siddharth Malhotra,Male,41,Mumbai,2023-12-26,0
1210,Suresh Gupta,Male,35,Mumbai,2023-07-22,1
1211,Tanmay Patel,Male,50,Mumbai,2024-04-20,0
1212,Rhea Sen,Female,39,Kolkata,2023-11-20,1
1213,Gaurav Deshmukh,Male,38,Kolkata,2023-10-09,0
1214,Pallavi Patel,Female,48,Delhi,2024-04-07,1
1215,Shruti Patel,Female,24,Kolkata,2024-06-03,0
1216,Manish Sen,Male,31,Kolkata,2023-11-26,0
1217,Amit Deshmukh,Male,40,Bangalore,2023-03-28,0
1218,Amit Nair,Male,47,Kolkata,2024-03-25,0
1219,Nikhil Das,Male,43,Delhi,2024-02-23,0
1220,Tanmay Nambiar,Male,23,Delhi,2023-12-04,1
1221,Shruti Mehta,Female,28,Kolkata,2023-12-08,1
1222,Nikhil Joshi,Male,44,Kolkata,2023-05-13,0
1223,Karthik Mukherjee,Male,40,Hyderabad,2023-05-11,0
1224,Tanmay Pillai,Male,51,Hyderabad,2024-01-06,1
1225,Divya Rao,Female,50,Delhi,2023-07-16,1
1226,Vikram Patel,Male,25,Delhi,2024-06-03,0
1227,Ayush Singh,Male,27,Chennai,2024-01-21,1
1228,Harsh Bhat,Male,29,Chennai,2024-03-24,1
1229,Rhea Nair,Female,37,Hyderabad,2024-04-04,1
1230,Karthik Chopra,Male,31,Chennai,2024-01-12,0
1231,Deepika Joshi,Female,43,Chennai,2024-05-29,0
1232,Abhishek Bhat,Male,35,Mumbai,2023-02-23,0
1233,Simran Gupta,Female,52,Kolkata,2023-05-08,1
1234,Arjun Deshmukh,Male,28,Pune,2024-03-23,1
1235,Manish Das,Male,45,Bangalore,2023-02-24,0
1236,Swati Bose,Female,42,Bangalore,2023-08-18,1
1237,Harsh Nambiar,Male,28,Delhi,2023-05-21,1
1238,Komal Iyer,Female,49,Chennai,2024-04-04,0
1239,Rahul Mehta,Male,28,Mumbai,2024-06-24,0
1240,Swati Joshi,Female,22,Bangalore,2023-09-02,0
1241,Sneha Gupta,Female,50,Chennai,2023-01-17,0
1242,Harsh Iyer,Male,46,Delhi,2023-01-02,0
1243,Anand Kulkarni,Male,24,Mumbai,2024-06-20,0
1244,Siddharth Mukherjee,Male,51,Pune,2023-01-21,0
1245,Ananya Nambiar,Female,42,Hyderabad,2023-09-17,0
1246,Sneha Das,Female,25,Mumbai,2023-12-07,1
1247,Simran Singh,Female,30,Chennai,2024-04-20,0
1248,Isha Reddy,Female,27,Chennai,2023-03-06,0
1249,Ananya Joshi,Female,21,Mumbai,2023-07-24,0
1250,Shruti Malhotra,Female,49,Hyderabad,2023-09-17,1
1251,Karthik Das,Male,22,Chennai,2023-12-06,1
1252,Kavya Bose,Female,47,Kolkata,2024-01-31,1
1253,Gaurav Choudhury,Male,42,Hyderabad,2024-06-15,1
1254,Mayank Kulkarni,Male,46,Bangalore,2023-07-04,0
1255,Pooja Patel,Female,37,Delhi,2023-11-10,0
1256,Divya Choudhury,Female,41,Hyderabad,2024-04-02,1
1257,Anushka Kulkarni,Female,22,Delhi,2023-03-18,0
1258,Megha Malhotra,Female,29,Chennai,2023-02-01,1
1259,Ananya Iyer,Female,34,Bangalore,2024-01-11,0
1260,Rakesh Iyer,Male,47,Kolkata,2024-01-15,0
1261,Anand Iyer,Male,42,Pune,2024-02-12,1
1262,Swati Gupta,Female,30,Bangalore,2024-05-26,0
1263,Arjun Mehta,Male,47,Kolkata,2023-08-08,0
1264,Komal Chopra,Female,26,Mumbai,2023-05-19,0
1265,Divya Choudhury,Female,24,Hyderabad,2023-11-24,0
1266,Vishal Mukherjee,Male,38,Delhi,2023-06-11,0
1267,Nikhil Malhotra,Male,26,Mumbai,2023-07-25,0
1268,Gaurav Sharma,Male,42,Delhi,2024-04-23,0
1269,Rakesh Patel,Male,38,Bangalore,2024-02-12,0
1270,Pallavi Kulkarni,Female,45,Chennai,2023-03-17,1
1271,Isha Patel,Female,48,Hyderabad,2024-06-13,1
1272,Vikram Kulkarni,Male,22,Pune,2023-05-08,0
1273,Divya Reddy,Female,33,Delhi,2023-12-21,0
1274,Sneha Mehta,Female,36,Mumbai,2023-05-09,0
1275,Siddharth Nambiar,Male,28,Mumbai,2023-06-25,0
1276,Nandini Verma,Female,20,Chennai,2023-03-25,1
1277,Isha Rao,Female,45,Chennai,2023-02-01,0
1278,Isha Joshi,Female,34,Hyderabad,2024-02-20,1
1279,Harsh Verma,Male,47,Mumbai,2024-03-01,0
1280,Deepak Bhat,Male,39,Mumbai,2023-11-23,0
1281,Shreya Iyer,Female,42,Chennai,2024-06-11,0
1282,Swati Deshmukh,Female,36,Bangalore,2024-04-05,1
1283,Amit Joshi,Male,45,Hyderabad,2023-09-12,0
1284,Deepak Sen,Male,39,Kolkata,2023-07-14,0
1285,Pallavi Deshmukh,Female,38,Hyderabad,2024-05-24,1
1286,Pallavi Deshmukh,Female,32,Mumbai,2023-12-28,1
1287,Aditi Bhat,Female,49,Chennai,2023-10-20,0
1288,Varun Iyer,Male,42,Delhi,2024-02-17,0
1289,Ananya Sen,Female,31,Pune,2024-01-07,0
1290,Pranav Malhotra,Male,36,Hyderabad,2023-05-02,1
1291,Pranav Das,Male,40,Chennai,2024-01-10,0
1292,Rakesh Malhotra,Male,51,Hyderabad,2023-02-11,1
1293,Harsh Singh,Male,49,Chennai,2024-06-15,0
1294,Deepak Bhat,Male,29,Delhi,2024-02-07,0
1295,Nandini Singh,Female,51,Pune,2024-06-29,0
1296,Aditi Sharma,Female,40,Delhi,2023-04-23,0
1297,Bhavna Choudhury,Female,20,Kolkata,2024-04-30,1
1298,Mayank Verma,Male,49,Pune,2023-06-24,0
1299,Neha Pillai,Female,21,Mumbai,2023-04-23,1
1300,Tanvi Kulkarni,Female,45,Mumbai,2023-07-28,0
1301,Bhavna Verma,Female,27,Kolkata,2024-06-15,1
1302,Rhea Chopra,Female,43,Pune,2023-11-18,0
1303,Simran Singh,Female,41,Pune,2023-09-28,0
1304,Suresh Mehta,Male,38,Pune,2023-08-19,0
1305,Shruti Choudhury,Female,50,Mumbai,2023-11-21,0
1306,Shruti Gupta,Female,43,Pune,2024-02-09,0
1307,Karthik Verma,Male,24,Delhi,2023-12-21,0
1308,Bhavna Chopra,Female,31,Mumbai,2023-10-05,0
1309,Neha Gupta,Female,34,Pune,2023-09-06,1
1310,Tanmay Nair,Male,25,Bangalore,2024-02-28,1
1311,Pooja Pillai,Female,27,Chennai,2023-01-06,0
1312,Varun Nambiar,Male,49,Hyderabad,2023-07-24,0
1313,Tanvi Joshi,Female,22,Kolkata,2023-04-02,0
1314,Vishal Verma,Male,45,Mumbai,2023-06-30,0
1315,Pranav Chopra,Male,37,Mumbai,2023-02-08,1
1316,Deepak Joshi,Male,52,Hyderabad,2024-05-20,0
1317,Siddharth Deshmukh,Male,31,Delhi,2023-04-26,1
1318,Isha Mehta,Female,30,Kolkata,2023-01-15,0
1319,Nandini Pillai,Female,31,Chennai,2023-06-29,0
1320,Kavya Malhotra,Female,24,Delhi,2024-02-15,0
1321,Vikram Chopra,Male,34,Delhi,2023-01-07,1
1322,Manish Mehta,Male,38,Delhi,2023-01-12,1
1323,Komal Nair,Female,26,Bangalore,2024-04-21,1
1324,Rhea Malhotra,Female,38,Kolkata,2023-05-01,0
1325,Megha Bhat,Female,33,Mumbai,2023-05-17,0
1326,Bhavna Bhat,Female,45,Delhi,2024-04-27,0
1327,Suresh Pillai,Male,24,Chennai,2024-06-22,0
1328,Sneha Sen,Female,22,Bangalore,2024-06-01,1
1329,Kunal Singh,Male,52,Chennai,2024-03-28,1
1330,Harsh Sen,Male,24,Hyderabad,2024-06-06,0
1331,Manish Iyer,Male,45,Pune,2024-04-12,0
1332,Rhea Joshi,Female,20,Kolkata,2024-02-10,1
1333,Mayank Rao,Male,23,Pune,2023-02-16,0
1334,Vishal Verma,Male,49,Bangalore,2023-02-02,1
1335,Vikram Nambiar,Male,45,Kolkata,2024-01-19,0
1336,Deepika Bose,Female,24,Hyderabad,2023-05-17,0
1337,Pooja Reddy,Female,44,Pune,2024-06-25,1
1338,Rahul Sharma,Male,48,Delhi,2024-03-10,0
1339,Suresh Deshmukh,Male,28,Delhi,2023-10-10,1
1340,Amit Pillai,Male,20,Hyderabad,2023-09-04,1
1341,Rakesh Verma,Male,22,Hyderabad,2023-09-08,0
1342,Deepika Nair,Female,32,Pune,2023-02-27,1
1343,Swati Sen,Female,39,Delhi,2023-08-31,1
1344,Ayush Malhotra,Male,45,Mumbai,2023-11-04,1
1345,Tanmay Pillai,Male,50,Hyderabad,2023-02-18,0
1346,Pallavi Singh,Female,45,Kolkata,2024-02-23,1
1347,Divya Mukherjee,Female,34,Hyderabad,2023-08-19,1
1348,Manish Verma,Male,45,Pune,2024-03-02,0
1349,Pranav Nair,Male,32,Delhi,2023-12-05,0
1350,Megha Patel,Female,31,Pune,2023-02-22,1
1351,Rohan Rao,Male,32,Chennai,2024-05-05,1
1352,Shruti Sharma,Female,31,Mumbai,2023-05-01,0
1353,Swati Choudhury,Female,32,Pune,2024-02-11,0
1354,Shruti Bose,Female,41,Hyderabad,2023-11-12,1
1355,Deepika Gupta,Female,49,Chennai,2023-11-24,0
1356,Tanvi Kulkarni,Female,33,Bangalore,2023-05-30,1
1357,Shruti Iyer,Female,40,Mumbai,2023-08-24,0
1358,Gaurav Mukherjee,Male,40,Kolkata,2023-09-21,0
1359,Bhavna Nambiar,Female,50,Kolkata,2024-04-16,1
1360,Divya Iyer,Female,50,Kolkata,2023-07-08,0
1361,Siddharth Verma,Male,23,Chennai,2023-02-19,0
1362,Neha Nambiar,Female,23,Mumbai,2023-06-04,1
1363,Megha Verma,Female,49,Pune,2024-05-14,1
1364,Priya Sharma,Female,36,Pune,2023-10-21,1
1365,Divya Gupta,Female,52,Bangalore,2023-06-02,1
1366,Megha Mehta,Female,44,Chennai,2023-03-22,0
1367,Deepika Sen,Female,33,Mumbai,2023-11-04,0
1368,Tanmay Nambiar,Male,21,Chennai,2023-04-06,0
1369,Simran Chopra,Female,19,Bangalore,2023-06-25,1
1370,Isha Singh,Female,25,Pune,2024-06-24,0
1371,Abhishek Choudhury,Male,49,Pune,2023-10-05,1
1372,Ayush Mehta,Male,21,Pune,2023-07-03,0
1373,Priya Rao,Female,28,Pune,2024-02-12,0
1374,Divya Sen,Female,43,Mumbai,2023-12-06,0
1375,Harsh Patel,Male,41,Pune,2023-02-24,1
1376,Rohan Singh,Male,44,Pune,2023-12-01,1
1377,Deepika Chopra,Female,41,Mumbai,2024-01-20,0
1378,Sneha Bhat,Female,34,Delhi,2023-03-17,1
1379,Pranav Choudhury,Male,28,Chennai,2024-02-03,1
1380,Rohan Sharma,Male,47,Delhi,2024-01-04,0
1381,Vikram Patel,Male,46,Mumbai,2024-04-04,0
1382,Pooja Sharma,Female,41,Bangalore,2023-04-06,0
1383,Shreya Sharma,Female,45,Delhi,2024-02-02,0
1384,Anand Malhotra,Male,43,Mumbai,2023-06-23,1
1385,Aishwarya Chopra,Female,23,Mumbai,2023-06-21,0
1386,Shruti Chopra,Female,23,Chennai,2024-01-05,1
1387,Mayank Nambiar,Male,31,Hyderabad,2024-04-13,1
1388,Priya Bose,Female,43,Delhi,2023-12-04,0
1389,Isha Bhat,Female,38,Mumbai,2023-11-25,0
1390,Gaurav Singh,Male,44,Mumbai,2023-11-23,1
1391,Nandini Nair,Female,43,Delhi,2023-10-15,0
1392,Megha Gupta,Female,31,Pune,2023-07-04,0
1393,Mayank Deshmukh,Male,32,Kolkata,2024-03-24,0
1394,Varun Pillai,Male,27,Hyderabad,2023-11-07,1
1395,Harsh Kulkarni,Male,43,Chennai,2023-03-17,0
1396,Nandini Bose,Female,51,Pune,2024-03-04,0
1397,Komal Mukherjee,Female,24,Pune,2023-04-22,0
1398,Divya Nambiar,Female,21,Pune,2024-02-14,0
1399,Kavya Gupta,Female,25,Bangalore,2023-09-22,1
1400,Manish Das,Male,48,Hyderabad,2024-05-27,1
1401,Gaurav Gupta,Male,45,Delhi,2023-03-29,1
1402,Nikhil Joshi,Male,48,Delhi,2023-07-31,0
1403,Aditi Gupta,Female,47,Hyderabad,2023-11-23,1
1404,Harsh Gupta,Male,40,Bangalore,2023-04-22,0
1405,Mayank Nair,Male,30,Pune,2023-06-13,1
1406,Deepika Nair,Female,44,Chennai,2023-07-08,1
1407,Shreya Sharma,Female,31,Kolkata,2024-04-05,0
1408,Priya Choudhury,Female,32,Mumbai,2023-10-13,0
1409,Anand Gupta,Male,30,Chennai,2024-01-10,1
1410,Pooja Mehta,Female,50,Kolkata,2024-06-24,0
1411,Anushka Bose,Female,44,Pune,2023-04-27,1
1412,Anushka Reddy,Female,38,Chennai,2023-03-28,0
1413,Pooja Nair,Female,26,Delhi,2023-07-07,0
1414,Siddharth Bose,Male,27,Hyderabad,2024-01-28,0
1415,Isha Mukherjee,Female,30,Kolkata,2023-06-20,0
1416,Kunal Singh,Male,47,Chennai,2023-02-24,0
1417,Gaurav Iyer,Male,43,Mumbai,2024-06-01,0
1418,Rhea Chopra,Female,47,Hyderabad,2024-05-15,1
1419,Suresh Joshi,Male,36,Bangalore,2023-08-19,0
1420,Manish Sen,Male,50,Kolkata,2024-06-07,1
1421,Arjun Mukherjee,Male,42,Chennai,2023-02-12,0
1422,Simran Rao,Female,25,Hyderabad,2023-09-11,1
1423,Manish Mehta,Male,24,Delhi,2024-03-25,0
1424,Suresh Rao,Male,41,Chennai,2024-03-14,1
1425,Abhishek Rao,Male,22,Chennai,2023-12-26,0
1426,Deepak Choudhury,Male,37,Delhi,2023-10-01,0
1427,Vikram Kulkarni,Male,36,Bangalore,2023-05-10,0
1428,Suresh Iyer,Male,39,Kolkata,2023-09-11,0
1429,Aditi Iyer,Female,36,Pune,2024-02-29,0
1430,Tanmay Patel,Male,51,Hyderabad,2023-10-12,0
1431,Deepika Chopra,Female,19,Delhi,2023-04-06,0
1432,Isha Pillai,Female,41,Kolkata,2023-03-06,0
1433,Ritu Kulkarni,Female,32,Chennai,2024-05-21,1
1434,Tanvi Mukherjee,Female,27,Pune,2024-05-11,0
1435,Amit Gupta,Male,48,Kolkata,2023-01-17,1
1436,Manish Deshmukh,Male,46,Bangalore,2023-07-27,0
1437,Tanmay Joshi,Male,36,Mumbai,2023-04-06,0
1438,Sneha Das,Female,29,Kolkata,2023-02-23,0
1439,Bhavna Choudhury,Female,33,Chennai,2024-03-15,0
1440,Rahul Rao,Male,23,Hyderabad,2023-05-16,0
1441,Priya Sharma,Female,40,Kolkata,2023-05-04,0
1442,Komal Iyer,Female,23,Hyderabad,2023-08-23,0
1443,Aditya Singh,Male,38,Delhi,2023-05-21,0
1444,Tanmay Pillai,Male,23,Mumbai,2024-06-27,0
1445,Manish Das,Male,32,Kolkata,2023-06-05,0
1446,Ritu Patel,Female,27,Bangalore,2023-05-07,0
1447,Megha Kulkarni,Female,27,Delhi,2023-09-11,1
1448,Suresh Mukherjee,Male,37,Pune,2023-01-28,0
1449,Ritu Malhotra,Female,51,Pune,2023-07-13,0
1450,Isha Verma,Female,34,Chennai,2024-05-21,0
1451,Gaurav Nambiar,Male,23,Pune,2024-06-24,0
1452,Nikhil Singh,Male,43,Mumbai,2024-03-06,0
1453,Gaurav Patel,Male,23,Bangalore,2023-01-15,1
1454,Amit Bose,Male,37,Pune,2024-05-28,0
1455,Komal Bose,Female,28,Bangalore,2023-10-12,1
1456,Siddharth Rao,Male,28,Chennai,2023-12-01,0
1457,Karthik Choudhury,Male,34,Hyderabad,2023-03-01,1
1458,Pooja Deshmukh,Female,22,Pune,2023-11-13,0
1459,Aditya Sharma,Male,27,Kolkata,2023-01-12,1
1460,Pallavi Malhotra,Female,35,Chennai,2023-06-20,0
1461,Bhavna Gupta,Female,20,Chennai,2023-12-10,0
1462,Pallavi Patel,Female,23,Delhi,2024-05-23,0
1463,Ananya Chopra,Female,29,Chennai,2024-01-12,1
1464,Anand Pillai,Male,26,Kolkata,2023-08-22,0
1465,Amit Sharma,Male,21,Mumbai,2024-04-28,0
1466,Kunal Verma,Male,45,Pune,2023-08-18,1
1467,Bhavna Singh,Female,23,Delhi,2024-01-17,1
1468,Kunal Nair,Male,52,Chennai,2023-02-17,0
1469,Manish Joshi,Male,38,Chennai,2023-12-02,1
1470,Priya Das,Female,37,Mumbai,2023-11-08,0
1471,Manish Das,Male,50,Pune,2023-07-20,0
1472,Vikram Sharma,Male,20,Hyderabad,2023-08-27,0
1473,Deepak Sharma,Male,43,Chennai,2023-11-11,1
1474,Varun Chopra,Male,28,Bangalore,2023-10-14,1
1475,Siddharth Kulkarni,Male,42,Kolkata,2024-04-14,0
1476,Anand Gupta,Male,27,Pune,2024-02-08,1
1477,Varun Pillai,Male,34,Mumbai,2023-10-26,1
1478,Shreya Choudhury,Female,39,Chennai,2023-11-22,0
1479,Rohan Rao,Male,25,Mumbai,2023-06-09,1
1480,Deepika Singh,Female,26,Hyderabad,2024-01-02,0
1481,Manish Joshi,Male,35,Hyderabad,2023-05-03,1
1482,Komal Choudhury,Female,21,Pune,2023-08-09,0
1483,Neha Patel,Female,34,Kolkata,2023-12-31,0
1484,Ayush Joshi,Male,30,Delhi,2023-02-01,0
1485,Simran Mukherjee,Female,25,Mumbai,2024-04-18,1
1486,Aditya Sharma,Male,33,Bangalore,2023-05-14,1
1487,Megha Pillai,Female,24,Kolkata,2023-09-23,0
1488,Rahul Patel,Male,47,Mumbai,2023-05-12,1
1489,Pooja Verma,Female,22,Hyderabad,2023-06-22,0
1490,Bhavna Bose,Female,20,Hyderabad,2024-01-27,0
1491,Nikhil Rao,Male,36,Mumbai,2023-10-14,0
1492,Amit Bhat,Male,34,Pune,2023-10-30,0
1493,Ananya Patel,Female,43,Delhi,2023-05-21,0
1494,Tanmay Mukherjee,Male,20,Chennai,2024-01-27,0
1495,Aditi Mukherjee,Female,50,Chennai,2023-12-19,0
1496,Shreya Mehta,Female,20,Mumbai,2023-11-23,0
1497,Arjun Verma,Male,49,Chennai,2024-06-26,1
1498,Kunal Gupta,Male,34,Mumbai,2023-09-30,0
1499,Suresh Sen,Male,43,Chennai,2023-12-30,0
1500,Kunal Nair,Male,39,Pune,2024-01-03,0
1501,Harsh Choudhury,Male,28,Delhi,2023-07-12,0
1502,Simran Joshi,Female,50,Mumbai,2023-02-08,1
1503,Rakesh Nair,Male,52,Bangalore,2024-05-04,1
1504,Vikram Singh,Male,30,Kolkata,2023-11-28,1
1505,Anand Choudhury,Male,26,Mumbai,2024-06-22,0
1506,Nikhil Choudhury,Male,44,Kolkata,2023-04-14,1
1507,Neha Reddy,Female,46,Kolkata,2024-05-13,0
1508,Harsh Mukherjee,Male,41,Kolkata,2023-08-17,0
1509,Pranav Joshi,Male,37,Kolkata,2023-05-11,1
1510,Harsh Sen,Male,21,Hyderabad,2023-07-06,0
1511,Tanmay Sen,Male,50,Bangalore,2023-05-25,1
1512,Suresh Das,Male,29,Delhi,2023-04-01,0
1513,Deepika Sharma,Female,32,Delhi,2023-09-13,0
1514,Aishwarya Gupta,Female,19,Kolkata,2023-02-19,0
1515,Divya Kulkarni,Female,43,Hyderabad,2023-12-26,0
1516,Gaurav Sen,Male,33,Kolkata,2023-06-16,0
1517,Karthik Sharma,Male,35,Delhi,2023-04-18,1
1518,Pranav Reddy,Male,23,Kolkata,2023-04-06,1
1519,Komal Sharma,Female,29,Hyderabad,2024-03-20,1
1520,Deepak Rao,Male,45,Mumbai,2023-09-29,0
1521,Swati Gupta,Female,44,Bangalore,2024-05-17,1
1522,Priya Kulkarni,Female,37,Bangalore,2024-05-06,1
1523,Abhishek Reddy,Male,37,Kolkata,2023-03-25,0
1524,Karthik Bose,Male,50,Hyderabad,2023-09-29,1
1525,Divya Das,Female,42,Hyderabad,2023-07-11,0
1526,Deepika Deshmukh,Female,33,Delhi,2023-10-03,0
1527,Harsh Pillai,Male,24,Bangalore,2023-12-19,0
1528,Nandini Nair,Female,22,Pune,2024-02-01,0
1529,Simran Pillai,Female,49,Chennai,2023-08-30,0
1530,Pranav Choudhury,Male,51,Bangalore,2024-06-13,0
1531,Aditya Deshmukh,Male,29,Mumbai,2023-08-05,0
1532,Amit Kulkarni,Male,46,Bangalore,2023-07-26,0
1533,Rakesh Mehta,Male,23,Delhi,2023-03-31,0
1534,Simran Singh,Female,36,Chennai,2024-06-16,0
1535,Harsh Bhat,Male,52,Pune,2024-03-05,1
1536,Vikram Sen,Male,25,Pune,2023-04-19,0
1537,Karthik Mukherjee,Male,45,Delhi,2023-09-28,0
1538,Nandini Bhat,Female,21,Hyderabad,2023-06-26,1
1539,Rakesh Bhat,Male,44,Kolkata,2023-02-09,0
1540,Komal Nair,Female,49,Bangalore,2023-10-03,0
1541,Deepak Joshi,Male,36,Delhi,2024-05-18,0
1542,Suresh Iyer,Male,47,Delhi,2023-11-25,1
1543,Anushka Nambiar,Female,31,Bangalore,2024-03-28,1
1544,Bhavna Chopra,Female,52,Chennai,2024-01-18,0
1545,Rohan Joshi,Male,51,Kolkata,2024-02-18,1
1546,Kunal Rao,Male,31,Chennai,2023-03-01,1
1547,Ananya Das,Female,31,Kolkata,2023-10-08,0
1548,Pallavi Bose,Female,26,Kolkata,2023-02-01,1
1549,Anushka Deshmukh,Female,49,Mumbai,2023-12-25,1
1550,Bhavna Choudhury,Female,37,Bangalore,2023-01-29,0
1551,Anand Rao,Male,33,Chennai,2023-08-19,0
1552,Isha Kulkarni,Female,20,Pune,2023-01-10,0
1553,Tanmay Reddy,Male,19,Pune,2023-08-18,1
1554,Komal Choudhury,Female,36,Kolkata,2024-03-09,0
1555,Deepika Mehta,Female,48,Mumbai,2023-11-06,0
1556,Nandini Gupta,Female,51,Bangalore,2024-01-19,0
1557,Shruti Pillai,Female,49,Bangalore,2023-03-07,1
1558,Isha Singh,Female,36,Chennai,2023-09-25,0
1559,Ritu Iyer,Female,34,Pune,2023-02-28,0
1560,Rhea Singh,Female,27,Kolkata,2023-01-27,0
1561,Aishwarya Kulkarni,Female,43,Hyderabad,2023-02-06,0
1562,Deepak Choudhury,Male,49,Mumbai,2024-01-03,0
1563,Ayush Mukherjee,Male,37,Mumbai,2023-04-10,0
1564,Bhavna Mukherjee,Female,30,Chennai,2023-12-10,0
1565,Nikhil Nair,Male,38,Kolkata,2024-03-06,0
1566,Megha Mehta,Female,37,Pune,2024-04-19,0
1567,Ananya Nambiar,Female,23,Pune,2024-04-28,0
1568,Ayush Bose,Male,38,Pune,2024-02-28,1
1569,Vikram Rao,Male,45,Delhi,2024-04-13,1
1570,Rohan Chopra,Male,30,Delhi,2023-11-17,0
1571,Manish Mehta,Male,29,Mumbai,2023-06-12,0
1572,Vikram Bhat,Male,46,Hyderabad,2024-02-18,0
1573,Shreya Sharma,Female,31,Bangalore,2024-01-18,0
1574,Pallavi Rao,Female,19,Bangalore,2023-09-12,1
1575,Shruti Iyer,Female,43,Bangalore,2024-05-30,0
1576,Rohan Verma,Male,37,Delhi,2024-04-11,0
1577,Kavya Pillai,Female,40,Mumbai,2024-05-16,1
1578,Kunal Bose,Male,33,Bangalore,2023-08-18,0
1579,Abhishek Sharma,Male,51,Pune,2023-06-23,1
1580,Pranav Nambiar,Male,22,Delhi,2023-02-19,0
1581,Amit Choudhury,Male,45,Bangalore,2024-03-30,0
1582,Aditi Choudhury,Female,32,Mumbai,2023-01-10,1
1583,Ayush Malhotra,Male,27,Delhi,2024-03-04,0
1584,Siddharth Bhat,Male,37,Bangalore,2023-04-27,0
1585,Ritu Bhat,Female,35,Mumbai,2024-06-19,0
1586,Komal Kulkarni,Female,29,Delhi,2023-02-10,0
1587,Harsh Chopra,Male,34,Delhi,2023-01-03,1
1588,Aditya Sen,Male,50,Kolkata,2023-06-02,0
1589,Mayank Gupta,Male,33,Delhi,2024-04-12,0
1590,Aishwarya Deshmukh,Female,25,Bangalore,2023-06-28,0
1591,Megha Pillai,Female,46,Delhi,2023-04-29,1
1592,Rahul Iyer,Male,29,Kolkata,2023-12-03,1
1593,Anushka Mehta,Female,24,Kolkata,2024-01-17,0
1594,Aditya Bose,Male,48,Hyderabad,2023-10-06,0
1595,Kavya Nambiar,Female,29,Chennai,2023-04-26,1
1596,Kunal Gupta,Male,49,Hyderabad,2024-03-24,1
1597,Megha Bhat,Female,27,Bangalore,2024-05-09,0
1598,Varun Deshmukh,Male,23,Bangalore,2023-09-25,0
1599,Harsh Pillai,Male,33,Pune,2023-12-13,0
1600,Varun Pillai,Male,34,Kolkata,2024-05-08,1
1601,Neha Mukherjee,Female,22,Pune,2023-01-12,0
1602,Siddharth Chopra,Male,50,Chennai,2023-06-19,1
1603,Tanvi Nair,Female,36,Delhi,2023-02-21,0
1604,Shreya Nair,Female,48,Bangalore,2024-03-30,0
1605,Sneha Chopra,Female,39,Hyderabad,2023-05-02,0
1606,Aditya Bose,Male,21,Hyderabad,2023-01-01,0
1607,Pallavi Mukherjee,Female,48,Mumbai,2023-12-16,0
1608,Suresh Deshmukh,Male,49,Delhi,2024-01-08,0
1609,Aditya Pillai,Male,19,Mumbai,2023-12-16,1
1610,Simran Malhotra,Female,25,Delhi,2023-02-16,0
1611,Neha Choudhury,Female,45,Kolkata,2023-04-20,1
1612,Abhishek Gupta,Male,44,Chennai,2023-08-09,0
1613,Harsh Singh,Male,45,Bangalore,2023-02-17,0
1614,Manish Deshmukh,Male,51,Kolkata,2023-05-18,0
1615,Siddharth Verma,Male,46,Pune,2024-05-09,0
1616,Harsh Sen,Male,27,Mumbai,2023-04-17,0
1617,Pallavi Bose,Female,34,Hyderabad,2023-10-08,0
1618,Shruti Deshmukh,Female,27,Chennai,2023-05-22,0
1619,Komal Mukherjee,Female,39,Chennai,2023-08-11,1
1620,Rhea Das,Female,27,Kolkata,2023-07-02,0
1621,Komal Gupta,Female,41,Chennai,2024-05-06,0
1622,Rhea Mukherjee,Female,46,Delhi,2023-01-14,0
1623,Pranav Iyer,Male,22,Bangalore,2023-07-24,1
1624,Karthik Pillai,Male,28,Delhi,2023-03-05,0
1625,Ritu Mukherjee,Female,41,Bangalore,2024-04-08,1
1626,Mayank Nambiar,Male,43,Pune,2023-09-01,0
1627,Komal Pillai,Female,43,Bangalore,2024-02-01,0
1628,Simran Verma,Female,35,Bangalore,2023-07-27,0
1629,Swati Nambiar,Female,42,Kolkata,2023-07-21,0
1630,Karthik Deshmukh,Male,23,Mumbai,2023-07-11,0
1631,Pranav Verma,Male,36,Hyderabad,2023-09-28,1
1632,Priya Singh,Female,28,Hyderabad,2023-02-10,1
1633,Anushka Verma,Female,38,Chennai,2024-05-17,0
1634,Sneha Choudhury,Female,52,Delhi,2023-08-14,0
1635,Siddharth Reddy,Male,44,Hyderabad,2023-04-05,1
1636,Ayush Singh,Male,42,Delhi,2023-10-28,1
1637,Simran Nambiar,Female,26,Bangalore,2023-12-21,0
1638,Amit Pillai,Male,43,Delhi,2023-04-27,0
1639,Priya Malhotra,Female,42,Chennai,2024-06-10,0
1640,Aditi Verma,Female,31,Delhi,2023-11-25,0
1641,Kunal Mukherjee,Male,19,Pune,2023-03-09,1
1642,Ayush Kulkarni,Male,25,Chennai,2023-07-30,0
1643,Isha Patel,Female,28,Kolkata,2023-01-25,0
1644,Ananya Patel,Female,22,Bangalore,2023-07-02,0
1645,Anand Nair,Male,45,Delhi,2024-02-02,0
1646,Kavya Singh,Female,43,Bangalore,2023-05-02,0
1647,Mayank Sen,Male,23,Bangalore,2024-01-02,0
1648,Karthik Pillai,Male,24,Delhi,2023-10-16,0
1649,Shreya Bose,Female,20,Chennai,2024-04-30,1
1650,Vikram Bose,Male,37,Chennai,2023-05-28,1
1651,Priya Mukherjee,Female,28,Chennai,2023-05-07,1
1652,Simran Mukherjee,Female,38,Bangalore,2023-08-04,0
1653,Ritu Kulkarni,Female,51,Kolkata,2023-05-26,1
1654,Rakesh Mehta,Male,26,Mumbai,2023-07-05,0
1655,Vishal Deshmukh,Male,23,Kolkata,2023-10-25,0
1656,Pooja Rao,Female,50,Kolkata,2023-12-05,1
1657,Aditya Joshi,Male,23,Pune,2023-07-18,1
1658,Tanvi Bhat,Female,38,Kolkata,2023-06-06,0
1659,Tanvi Kulkarni,Female,19,Mumbai,2023-11-17,1
1660,Harsh Nambiar,Male,36,Hyderabad,2024-01-04,1
1661,Aditi Deshmukh,Female,41,Hyderabad,2023-11-09,0
1662,Kunal Nambiar,Male,24,Pune,2023-10-15,0
1663,Vishal Rao,Male,23,Delhi,2023-03-19,0
1664,Anand Sen,Male,32,Hyderabad,2023-02-07,0
1665,Isha Iyer,Female,44,Delhi,2023-08-17,0
1666,Neha Deshmukh,Female,51,Pune,2023-04-03,0
1667,Ayush Nair,Male,29,Chennai,2024-06-10,1
1668,Kunal Sen,Male,28,Pune,2024-05-10,0
1669,Suresh Chopra,Male,23,Mumbai,2023-09-28,0
1670,Ayush Rao,Male,42,Pune,2024-02-02,0
1671,Ananya Verma,Female,39,Kolkata,2023-04-16,0
1672,Bhavna Mehta,Female,30,Pune,2024-01-21,0
1673,Nandini Nambiar,Female,23,Chennai,2024-06-13,1
1674,Siddharth Bose,Male,41,Delhi,2024-05-13,0
1675,Siddharth Iyer,Male,29,Hyderabad,2023-08-24,1
1676,Ritu Iyer,Female,29,Mumbai,2024-01-06,0
1677,Ayush Nair,Male,40,Hyderabad,2023-04-27,0
1678,Aditi Rao,Female,29,Pune,2024-02-25,1
1679,Vikram Sen,Male,29,Pune,2023-05-18,0
1680,Anand Iyer,Male,29,Bangalore,2023-09-22,0
1681,Anushka Sen,Female,20,Kolkata,2023-10-18,0
1682,Manish Bhat,Male,49,Hyderabad,2023-06-24,1
1683,Anushka Iyer,Female,30,Chennai,2024-06-07,1
1684,Deepika Bhat,Female,23,Pune,2023-08-24,0
1685,Aditya Sharma,Male,52,Mumbai,2024-05-31,0
1686,Rakesh Gupta,Male,49,Mumbai,2023-02-09,0
1687,Rohan Chopra,Male,27,Kolkata,2023-01-02,0
1688,Pallavi Kulkarni,Female,21,Delhi,2024-06-26,0
1689,Shreya Das,Female,25,Pune,2024-03-11,1
1690,Swati Patel,Female,45,Delhi,2023-09-21,1
1691,Anand Malhotra,Male,52,Bangalore,2023-01-08,0
1692,Harsh Singh,Male,42,Hyderabad,2023-04-20,1
1693,Aishwarya Mukherjee,Female,42,Hyderabad,2023-10-10,0
1694,Ritu Kulkarni,Female,49,Pune,2023-07-03,0
1695,Aishwarya Joshi,Female,41,Pune,2024-02-12,0
1696,Mayank Nair,Male,29,Hyderabad,2023-04-13,1
1697,Tanvi Mukherjee,Female,22,Pune,2023-06-14,0
1698,Rohan Iyer,Male,46,Hyderabad,2023-04-01,1
1699,Nikhil Patel,Male,21,Pune,2024-01-29,0
1700,Anushka Nambiar,Female,37,Pune,2023-02-28,0
1701,Tanmay Chopra,Male,19,Hyderabad,2023-07-26,0
1702,Ritu Verma,Female,51,Chennai,2024-06-12,0
1703,Ayush Verma,Male,34,Delhi,2023-01-01,0
1704,Arjun Bose,Male,44,Delhi,2024-02-20,0
1705,Mayank Choudhury,Male,24,Bangalore,2023-10-19,0
1706,Megha Mehta,Female,31,Mumbai,2024-04-10,0
1707,Arjun Reddy,Male,51,Hyderabad,2023-04-20,0
1708,Tanvi Gupta,Female,51,Chennai,2023-09-21,0
1709,Komal Deshmukh,Female,49,Hyderabad,2023-09-07,0
1710,Rhea Deshmukh,Female,20,Pune,2024-05-08,1
1711,Pranav Nambiar,Male,33,Chennai,2023-08-24,0
1712,Megha Malhotra,Female,19,Pune,2023-09-27,1
1713,Pranav Pillai,Male,40,Kolkata,2023-03-19,0
1714,Gaurav Singh,Male,32,Delhi,2023-10-03,1
1715,Gaurav Rao,Male,34,Mumbai,2023-09-29,1
1716,Suresh Bhat,Male,28,Delhi,2023-04-20,1
1717,Ayush Pillai,Male,19,Hyderabad,2023-02-13,0
1718,Anushka Singh,Female,36,Hyderabad,2024-05-17,1
1719,Shreya Nair,Female,27,Chennai,2023-02-25,0
1720,Aditi Mukherjee,Female,51,Bangalore,2023-12-22,0
1721,Manish Gupta,Male,52,Kolkata,2024-04-16,1
1722,Rahul Pillai,Male,43,Mumbai,2023-04-14,1
1723,Divya Mukherjee,Female,34,Delhi,2023-10-03,0
1724,Megha Reddy,Female,46,Hyderabad,2023-08-04,0
1725,Megha Bose,Female,47,Delhi,2023-07-04,0
1726,Aditya Mehta,Male,34,Chennai,2024-03-18,0
1727,Vikram Iyer,Male,19,Hyderabad,2023-06-30,0
1728,Tanmay Malhotra,Male,39,Pune,2024-05-13,1
1729,Pranav Gupta,Male,29,Kolkata,2023-03-03,1
1730,Aditi Nambiar,Female,47,Bangalore,2023-12-09,1
1731,Simran Mukherjee,Female,35,Chennai,2023-12-19,1
1732,Nikhil Pillai,Male,31,Pune,2023-06-28,0
1733,Megha Singh,Female,51,Kolkata,2024-05-14,0
1734,Sneha Bose,Female,37,Pune,2024-04-19,0
1735,Kunal Nambiar,Male,40,Chennai,2024-03-07,0
1736,Sneha Patel,Female,40,Mumbai,2023-08-22,1
1737,Komal Mehta,Female,44,Pune,2023-10-05,0
1738,Bhavna Sen,Female,47,Pune,2024-02-28,1
1739,Vikram Nair,Male,35,Kolkata,2023-03-23,1
1740,Pooja Gupta,Female,49,Bangalore,2023-02-25,1
1741,Pallavi Patel,Female,35,Bangalore,2023-06-09,1
1742,Shruti Nair,Female,37,Mumbai,2024-03-29,0
1743,Siddharth Reddy,Male,21,Bangalore,2024-01-01,0
1744,Aditi Deshmukh,Female,36,Chennai,2024-03-31,1
1745,Anand Bhat,Male,46,Hyderabad,2024-06-20,0
1746,Megha Chopra,Female,33,Pune,2023-04-02,0
1747,Kavya Mehta,Female,38,Mumbai,2023-01-11,1
1748,Nikhil Joshi,Male,19,Hyderabad,2024-05-18,0
1749,Shruti Sharma,Female,46,Chennai,2023-10-27,0
1750,Vishal Das,Male,45,Mumbai,2024-03-23,0
1751,Harsh Nambiar,Male,43,Hyderabad,2023-08-14,1
1752,Isha Nair,Female,36,Pune,2023-10-19,0
1753,Kavya Rao,Female,23,Chennai,2023-07-06,1
1754,Tanmay Deshmukh,Male,47,Pune,2023-10-06,0
1755,Ritu Singh,Female,28,Bangalore,2023-02-20,0
1756,Kunal Gupta,Male,36,Delhi,2023-05-09,0
1757,Suresh Patel,Male,19,Mumbai,2024-05-20,1
1758,Shruti Chopra,Female,48,Delhi,2023-02-02,1
1759,Amit Mehta,Male,44,Chennai,2023-03-15,0
1760,Abhishek Mehta,Male,43,Chennai,2023-01-13,1
1761,Pranav Deshmukh,Male,21,Mumbai,2023-07-23,0
1762,Siddharth Pillai,Male,49,Mumbai,2024-02-03,0
1763,Tanvi Reddy,Female,21,Kolkata,2024-06-17,1
1764,Isha Joshi,Female,42,Mumbai,2023-02-23,0
1765,Aditya Nair,Male,46,Kolkata,2023-11-29,1
1766,Nandini Gupta,Female,34,Hyderabad,2023-01-10,0
1767,Komal Bhat,Female,42,Mumbai,2023-04-02,1
1768,Sneha Pillai,Female,40,Pune,2023-03-03,1
1769,Harsh Mukherjee,Male,25,Chennai,2023-05-09,0
1770,Simran Nambiar,Female,41,Chennai,2024-03-25,0
1771,Harsh Bose,Male,27,Delhi,2023-09-14,0
1772,Komal Deshmukh,Female,37,Pune,2024-05-16,1
1773,Vishal Das,Male,48,Delhi,2023-10-09,0
1774,Rohan Malhotra,Male,47,Mumbai,2023-10-30,0
1775,Deepika Sharma,Female,51,Chennai,2024-01-24,0
1776,Rakesh Das,Male,34,Chennai,2023-11-25,0
1777,Ritu Malhotra,Female,50,Kolkata,2023-06-07,0
1778,Kavya Nambiar,Female,26,Delhi,2023-04-09,0
1779,Amit Iyer,Male,21,Mumbai,2023-07-26,1
1780,Aditya Verma,Male,43,Pune,2024-05-16,0
1781,Ananya Das,Female,23,Mumbai,2023-01-14,0
1782,Tanmay Chopra,Male,24,Chennai,2024-04-24,0
1783,Nikhil Mukherjee,Male,45,Kolkata,2024-01-13,0
1784,Rakesh Mehta,Male,21,Pune,2023-03-14,0
1785,Abhishek Malhotra,Male,25,Bangalore,2023-08-25,0
1786,Abhishek Malhotra,Male,34,Kolkata,2023-07-03,0
1787,Bhavna Gupta,Female,41,Chennai,2024-04-14,0
1788,Pooja Reddy,Female,30,Chennai,2024-02-16,0
1789,Vishal Bhat,Male,41,Hyderabad,2023-11-19,0
1790,Megha Kulkarni,Female,46,Chennai,2023-11-28,0
1791,Pranav Mukherjee,Male,35,Kolkata,2024-01-04,0
1792,Shreya Sharma,Female,21,Kolkata,2023-10-19,0
1793,Karthik Sharma,Male,33,Delhi,2023-08-08,0
1794,Harsh Mehta,Male,51,Pune,2023-06-08,1
1795,Megha Iyer,Female,35,Mumbai,2024-01-11,0
1796,Suresh Mehta,Male,38,Chennai,2023-04-05,0
1797,Mayank Patel,Male,39,Kolkata,2024-05-09,1
1798,Rakesh Nambiar,Male,21,Delhi,2024-01-26,1
1799,Deepak Das,Male,46,Chennai,2024-03-02,0
1800,Suresh Nambiar,Male,19,Chennai,2024-01-27,1
1801,Deepak Mukherjee,Male,28,Pune,2023-12-01,0
1802,Vikram Verma,Male,44,Kolkata,2024-04-01,0
1803,Suresh Kulkarni,Male,44,Delhi,2023-06-01,1
1804,Gaurav Sen,Male,22,Kolkata,2024-02-13,1
1805,Pallavi Kulkarni,Female,27,Chennai,2023-05-19,0
1806,Gaurav Bose,Male,31,Kolkata,2024-06-20,1
1807,Arjun Kulkarni,Male,24,Delhi,2023-04-26,0
1808,Megha Das,Female,39,Mumbai,2023-12-19,0
1809,Karthik Reddy,Male,47,Delhi,2023-05-30,0
1810,Abhishek Pillai,Male,28,Delhi,2023-03-29,1
1811,Suresh Bhat,Male,37,Mumbai,2023-01-15,1
1812,Karthik Deshmukh,Male,20,Hyderabad,2023-12-06,1
1813,Abhishek Mukherjee,Male,35,Pune,2024-05-09,0
1814,Harsh Choudhury,Male,20,Kolkata,2024-01-21,0
1815,Arjun Reddy,Male,37,Bangalore,2023-07-25,0
1816,Ananya Deshmukh,Female,19,Kolkata,2023-03-10,0
1817,Rhea Pillai,Female,25,Delhi,2023-01-20,1
1818,Swati Bose,Female,25,Pune,2023-11-20,0
1819,Kunal Rao,Male,48,Pune,2023-01-23,1
1820,Tanvi Chopra,Female,29,Hyderabad,2023-01-19,1
1821,Megha Nambiar,Female,34,Delhi,2024-05-28,1
1822,Tanmay Mehta,Male,20,Hyderabad,2023-10-14,1
1823,Shreya Pillai,Female,24,Mumbai,2024-01-27,0
1824,Varun Nair,Male,28,Pune,2024-03-12,0
1825,Deepika Mukherjee,Female,32,Mumbai,2023-05-22,0
1826,Vikram Joshi,Male,52,Kolkata,2023-05-19,0
1827,Tanmay Sen,Male,39,Mumbai,2023-03-11,0
1828,Kunal Singh,Male,28,Chennai,2023-01-31,0
1829,Kavya Joshi,Female,36,Hyderabad,2023-06-05,0
1830,Vikram Reddy,Male,36,Bangalore,2023-08-25,0
1831,Ayush Sharma,Male,24,Delhi,2024-05-03,1
1832,Komal Nambiar,Female,30,Delhi,2024-02-01,0
1833,Kunal Rao,Male,21,Mumbai,2024-02-23,0
1834,Arjun Kulkarni,Male,31,Mumbai,2023-07-29,1
1835,Anushka Chopra,Female,39,Kolkata,2024-04-13,0
1836,Shreya Verma,Female,43,Pune,2023-11-17,0
1837,Siddharth Gupta,Male,48,Hyderabad,2023-02-13,0
1838,Siddharth Mukherjee,Male,21,Hyderabad,2024-02-01,0
1839,Abhishek Joshi,Male,44,Hyderabad,2023-11-08,0
1840,Deepika Reddy,Female,37,Hyderabad,2023-02-25,0
1841,Manish Nambiar,Male,24,Hyderabad,2024-05-27,1
1842,Pranav Kulkarni,Male,47,Delhi,2023-01-26,1
1843,Manish Patel,Male,39,Delhi,2023-06-17,0
1844,Rohan Gupta,Male,47,Kolkata,2024-01-07,1
1845,Bhavna Malhotra,Female,29,Pune,2024-01-23,0
1846,Kunal Singh,Male,28,Pune,2023-06-16,0
1847,Harsh Verma,Male,38,Hyderabad,2023-11-13,0
1848,Shruti Nambiar,Female,26,Mumbai,2023-05-15,0
1849,Rakesh Mehta,Male,48,Bangalore,2024-05-24,0
1850,Rakesh Chopra,Male,32,Mumbai,2024-05-02,0
1851,Sneha Bhat,Female,19,Pune,2023-09-08,0
1852,Anushka Nambiar,Female,32,Pune,2023-02-20,1
1853,Tanmay Das,Male,28,Bangalore,2023-02-03,0
1854,Tanvi Patel,Female,25,Bangalore,2024-03-02,0
1855,Ayush Joshi,Male,30,Pune,2024-04-11,0
1856,Ananya Patel,Female,38,Chennai,2023-11-27,0
1857,Sneha Kulkarni,Female,23,Chennai,2023-10-27,0
1858,Harsh Mehta,Male,52,Delhi,2024-02-28,0
1859,Rakesh Verma,Male,52,Bangalore,2023-03-31,0
1860,Kavya Bhat,Female,39,Chennai,2023-09-23,0
1861,Neha Bhat,Female,50,Pune,2024-06-16,0
1862,Aditi Reddy,Female,33,Pune,2023-10-25,0
1863,Aditya Sharma,Male,26,Hyderabad,2023-08-01,0
1864,Kavya Verma,Female,41,Delhi,2023-08-06,1
1865,Harsh Joshi,Male,23,Delhi,2023-11-12,1
1866,Priya Gupta,Female,40,Kolkata,2023-12-16,0
1867,Kunal Rao,Male,40,Delhi,2024-05-05,0
1868,Tanmay Iyer,Male,28,Hyderabad,2024-04-16,0
1869,Deepika Kulkarni,Female,22,Kolkata,2024-06-17,1
1870,Simran Mukherjee,Female,32,Bangalore,2023-12-06,0
1871,Sneha Iyer,Female,20,Delhi,2023-12-14,0
1872,Anand Bhat,Male,30,Hyderabad,2023-04-30,0
1873,Komal Singh,Female,21,Kolkata,2023-10-06,0
1874,Swati Das,Female,38,Hyderabad,2023-08-10,0
1875,Aditya Das,Male,21,Chennai,2023-07-26,0
1876,Pallavi Sharma,Female,49,Chennai,2024-05-27,1
1877,Aditi Malhotra,Female,39,Delhi,2023-05-27,0
1878,Siddharth Pillai,Male,32,Mumbai,2023-02-07,0
1879,Rahul Joshi,Male,24,Bangalore,2023-12-08,0
1880,Aditya Malhotra,Male,38,Chennai,2023-01-24,0
1881,Isha Rao,Female,31,Delhi,2023-07-17,1
1882,Deepika Pillai,Female,36,Bangalore,2023-06-02,1
1883,Rahul Bhat,Male,51,Pune,2023-04-15,1
1884,Simran Singh,Female,28,Delhi,2023-10-18,0
1885,Rohan Joshi,Male,40,Pune,2024-03-30,1
1886,Gaurav Pillai,Male,25,Bangalore,2024-01-28,1
1887,Shreya Reddy,Female,47,Kolkata,2023-12-31,1
1888,Harsh Pillai,Male,24,Chennai,2024-04-21,0
1889,Harsh Deshmukh,Male,48,Bangalore,2023-11-14,0
1890,Aditi Nair,Female,28,Mumbai,2023-09-22,0
1891,Divya Choudhury,Female,40,Kolkata,2023-11-29,0
1892,Rohan Chopra,Male,41,Bangalore,2024-05-05,0
1893,Karthik Das,Male,27,Pune,2024-06-04,1
1894,Deepak Mukherjee,Male,23,Kolkata,2023-11-06,0
1895,Nandini Kulkarni,Female,34,Mumbai,2023-06-12,0
1896,Sneha Singh,Female,46,Mumbai,2024-03-21,0
1897,Simran Choudhury,Female,30,Mumbai,2023-03-21,0
1898,Pooja Sen,Female,48,Pune,2023-11-30,0
1899,Divya Joshi,Female,23,Hyderabad,2023-04-22,0
1900,Tanvi Chopra,Female,22,Kolkata,2023-04-03,1
1901,Anand Nambiar,Male,19,Chennai,2023-05-31,0
1902,Simran Joshi,Female,47,Hyderabad,2023-07-20,1
1903,Shruti Sen,Female,38,Chennai,2024-03-21,0
1904,Sneha Sen,Female,51,Bangalore,2024-02-18,0
1905,Ananya Das,Female,22,Pune,2023-01-01,0
1906,Pooja Joshi,Female,20,Chennai,2023-08-29,0
1907,Isha Singh,Female,43,Kolkata,2024-02-20,0
1908,Ayush Reddy,Male,27,Hyderabad,2023-07-12,0
1909,Kavya Iyer,Female,27,Delhi,2023-05-18,1
1910,Vikram Chopra,Male,46,Kolkata,2023-05-20,1
1911,Deepika Choudhury,Female,46,Pune,2023-07-04,0
1912,Simran Deshmukh,Female,41,Hyderabad,2023-08-20,1
1913,Anand Chopra,Male,34,Chennai,2024-05-28,1
1914,Ananya Verma,Female,49,Pune,2024-01-13,1
1915,Komal Patel,Female,52,Mumbai,2023-10-14,0
1916,Siddharth Bhat,Male,34,Bangalore,2024-04-28,0
1917,Ayush Nambiar,Male,38,Pune,2023-02-24,0
1918,Gaurav Deshmukh,Male,49,Pune,2023-12-06,0
1919,Shruti Reddy,Female,38,Bangalore,2023-09-24,1
1920,Nandini Reddy,Female,22,Pune,2023-10-26,0
1921,Karthik Chopra,Male,27,Bangalore,2024-06-01,1
1922,Aishwarya Iyer,Female,36,Pune,2023-10-09,0
1923,Mayank Gupta,Male,30,Pune,2023-06-04,0
1924,Divya Mehta,Female,34,Chennai,2024-05-11,1
1925,Deepak Patel,Male,28,Mumbai,2024-05-22,0
1926,Shreya Nair,Female,47,Kolkata,2023-06-21,1
1927,Ananya Nambiar,Female,26,Delhi,2023-02-23,1
1928,Aditi Joshi,Female,33,Hyderabad,2024-01-24,0
1929,Aditi Mehta,Female,52,Mumbai,2024-03-21,1
1930,Shreya Pillai,Female,52,Delhi,2023-02-12,1
1931,Kavya Bhat,Female,36,Kolkata,2023-12-10,1
1932,Arjun Nambiar,Male,44,Pune,2024-04-17,0
1933,Mayank Pillai,Male,31,Pune,2024-06-16,1
1934,Deepak Mukherjee,Male,19,Bangalore,2023-03-11,1
1935,Siddharth Gupta,Male,47,Kolkata,2023-12-26,1
1936,Aishwarya Rao,Female,20,Bangalore,2023-04-05,1
1937,Rakesh Nambiar,Male,26,Bangalore,2023-03-30,0
1938,Pranav Pillai,Male,30,Chennai,2023-04-24,0
1939,Shruti Deshmukh,Female,23,Kolkata,2024-04-09,0
1940,Kavya Choudhury,Female,39,Kolkata,2023-09-21,1
1941,Arjun Verma,Male,43,Hyderabad,2023-12-07,0
1942,Aishwarya Reddy,Female,23,Hyderabad,2024-05-18,0
1943,Rakesh Bose,Male,50,Mumbai,2023-04-22,1
1944,Ritu Bhat,Female,25,Kolkata,2024-03-28,0
1945,Amit Patel,Male,35,Bangalore,2024-04-01,1
1946,Neha Nambiar,Female,19,Kolkata,2023-02-08,0
1947,Neha Choudhury,Female,44,Delhi,2023-01-04,0
1948,Aditi Kulkarni,Female,23,Hyderabad,2023-08-20,1
1949,Pooja Sen,Female,41,Pune,2023-12-08,0
1950,Ananya Nambiar,Female,24,Kolkata,2024-01-10,0
1951,Sneha Deshmukh,Female,37,Chennai,2023-07-27,1
1952,Pranav Pillai,Male,38,Mumbai,2024-02-04,0
1953,Aditi Patel,Female,47,Kolkata,2023-07-14,1
1954,Rahul Sen,Male,50,Mumbai,2024-02-03,1
1955,Aditi Mukherjee,Female,47,Chennai,2023-01-17,1
1956,Deepak Verma,Male,26,Hyderabad,2023-08-05,0
1957,Rhea Mukherjee,Female,33,Mumbai,2023-03-15,1
1958,Gaurav Nambiar,Male,49,Bangalore,2023-02-16,1
1959,Rahul Reddy,Male,22,Kolkata,2023-11-11,0
1960,Manish Bhat,Male,23,Mumbai,2023-04-19,1
1961,Rohan Rao,Male,40,Hyderabad,2024-02-16,1
1962,Deepak Rao,Male,21,Chennai,2023-06-27,1
1963,Arjun Iyer,Male,45,Chennai,2023-06-22,0
1964,Manish Nair,Male,21,Pune,2023-05-17,1
1965,Divya Sharma,Female,24,Hyderabad,2023-01-07,1
1966,Harsh Nambiar,Male,37,Pune,2024-03-02,0
1967,Komal Iyer,Female,28,Mumbai,2023-10-05,0
1968,Swati Reddy,Female,21,Pune,2023-07-04,0
1969,Tanmay Joshi,Male,45,Delhi,2023-01-05,0
1970,Aditya Malhotra,Male,42,Bangalore,2024-06-03,1
1971,Arjun Verma,Male,26,Mumbai,2023-06-02,0
1972,Aditi Reddy,Female,21,Mumbai,2023-02-25,0
1973,Ritu Kulkarni,Female,40,Delhi,2024-04-09,1
1974,Vishal Reddy,Male,20,Mumbai,2024-05-11,0
1975,Suresh Deshmukh,Male,39,Pune,2024-03-05,1
1976,Swati Gupta,Female,33,Delhi,2023-04-11,1
1977,Ritu Bose,Female,23,Mumbai,2024-04-27,0
1978,Varun Iyer,Male,48,Mumbai,2023-07-02,0
1979,Manish Rao,Male,41,Kolkata,2023-10-04,1
1980,Amit Choudhury,Male,22,Pune,2023-10-15,1
1981,Deepika Kulkarni,Female,40,Mumbai,2023-08-14,0
1982,Tanmay Bhat,Male,33,Mumbai,2023-03-30,0
1983,Ritu Sen,Female,48,Hyderabad,2023-10-13,1
1984,Bhavna Nair,Female,39,Mumbai,2024-03-20,0
1985,Anand Sharma,Male,21,Hyderabad,2023-02-11,0
1986,Varun Malhotra,Male,49,Hyderabad,2023-04-11,0
1987,Rohan Mukherjee,Male,19,Chennai,2024-02-21,0
1988,Nikhil Joshi,Male,24,Mumbai,2023-01-17,0
1989,Divya Choudhury,Female,20,Hyderabad,2024-04-10,0
1990,Harsh Bose,Male,42,Mumbai,2024-04-20,0
1991,Tanmay Patel,Male,40,Hyderabad,2024-06-27,1
1992,Aishwarya Choudhury,Female,32,Pune,2023-03-24,0
1993,Bhavna Verma,Female,42,Pune,2023-02-22,1
1994,Deepika Bhat,Female,42,Bangalore,2024-01-11,1
1995,Vishal Choudhury,Male,32,Chennai,2023-05-22,0
1996,Vishal Gupta,Male,49,Kolkata,2023-08-03,0
1997,Deepak Das,Male,51,Delhi,2024-03-09,1
1998,Nikhil Das,Male,50,Hyderabad,2024-05-28,0
1999,Gaurav Choudhury,Male,37,Pune,2024-04-07,0
2000,Abhishek Deshmukh,Male,24,Bangalore,2024-02-05,0
